{
    "value0": {
        "T_imu_cam": [
            {
                "px": 0.030424147844314575,
                "py": -0.0016138623468577862,
                "pz": -0.0009425081661902368,
                "qx": -0.00438098028776134,
                "qy": 0.999982192953828,
                "qz": 0.000791505831271631,
                "qw": 0.0039737599240301435
            },
            {
                "px": -0.03111564447140537,
                "py": -0.001375555266266773,
                "pz": -0.0010850453427425461,
                "qx": -0.004966922235240944,
                "qy": 0.9999749946927052,
                "qz": 0.004270051961446977,
                "qw": -0.002665106296178357
            }
        ],
        "intrinsics": [
            {
                "camera_type": "ds",
                "intrinsics": {
                    "alpha": 0.5635725608138804,
                    "cx": 316.17178741427716,
                    "cy": 240.18756951024903,
                    "fx": 160.98883576746755,
                    "fy": 161.05100464543,
                    "xi": -0.2776869842961572
                }
            },
            {
                "camera_type": "ds",
                "intrinsics": {
                    "alpha": 0.5705863486603298,
                    "cx": 322.89878416377275,
                    "cy": 241.36371963704144,
                    "fx": 164.73306173928339,
                    "fy": 164.67467925649385,
                    "xi": -0.25691906823858623
                }
            }
        ],
        "resolution": [
            [
                640,
                480
            ],
            [
                640,
                480
            ]
        ],
        "vignette": [
            
        ],
        "calib_accel_bias": [
            0.0,
            0.0,
            0.0,
            0.0,
            0.0,
            0.0,
            0.0,
            0.0,
            0.0
        ],
        "calib_gyro_bias": [
            0.0,
            0.0,
            0.0,
            0.0,
            0.0,
            0.0,
            0.0,
            0.0,
            0.0,
            0.0,
            0.0,
            0.0
        ],
        "imu_update_rate": 200.0,
        "accel_noise_std": [0.08, 0.08, 0.08],
        "gyro_noise_std": [0.004, 0.004, 0.004],
        "accel_bias_std": [0.0011, 0.0011, 0.0011],
        "gyro_bias_std": [0.0004, 0.0004, 0.0004],
        "T_mocap_world": {
            "px": 0.0,
            "py": 0.0,
            "pz": 0.0,
            "qx": 0.0,
            "qy": 0.0,
            "qz": 0.0,
            "qw": 1.0
        },
        "T_imu_marker": {
            "px": 0.0,
            "py": 0.0,
            "pz": 0.0,
            "qx": 0.0,
            "qy": 0.0,
            "qz": 0.0,
            "qw": 1.0
        },
        "mocap_time_offset_ns": 0,
        "mocap_to_imu_offset_ns": 140763258159875,
        "cam_time_offset_ns": 0
    }
}
