{
    "value0": {
        "T_imu_cam": [
            {
                "px": 0,
                "py": 0,
                "pz": 0,
                "qx": 0,
                "qy": 0,
                "qz": 0,
                "qw": 1.0
            },
            {
                "px": 0.06,
                "py": 0,
                "pz": 0,
                "qx": 0,
                "qy": 0,
                "qz": 0,
                "qw": 1.0
            }
        ],
        "intrinsics": [
            {
                "camera_type": "ds",
                "intrinsics": {
                    "alpha": 0.5607449024902529,
                    "cx": 321.1978128649376,
                    "cy": 239.3873216327859,
                    "fx": 156.8380499653398,
                    "fy": 156.7717357255263,
                    "xi": -0.29940568926304956
                }
            },
            {
                "camera_type": "ds",
                "intrinsics": {
                    "alpha": 0.5691595478498715,
                    "cx": 320.365006431449,
                    "cy": 239.4157641981854,
                    "fx": 163.8915603291792,
                    "fy": 163.92805776726115,
                    "xi": -0.2686656171980316
                }
            }
        ],
        "resolution": [
            [
                640,
                480
            ],
            [
                640,
                480
            ]
        ],
        "vignette": [
            
        ],
        "calib_accel_bias": [
            0.0,
            0.0,
            0.0,
            0.0,
            0.0,
            0.0,
            0.0,
            0.0,
            0.0
        ],
        "calib_gyro_bias": [
            0.0,
            0.0,
            0.0,
            0.0,
            0.0,
            0.0,
            0.0,
            0.0,
            0.0,
            0.0,
            0.0,
            0.0
        ],
        "imu_update_rate": 200.0,
        "accel_noise_std": [0.08, 0.08, 0.08],
        "gyro_noise_std": [0.004, 0.004, 0.004],
        "accel_bias_std": [0.0011, 0.0011, 0.0011],
        "gyro_bias_std": [0.0004, 0.0004, 0.0004],
        "T_mocap_world": {
            "px": 0.0,
            "py": 0.0,
            "pz": 0.0,
            "qx": 0.0,
            "qy": 0.0,
            "qz": 0.0,
            "qw": 1.0
        },
        "T_imu_marker": {
            "px": 0.0,
            "py": 0.0,
            "pz": 0.0,
            "qx": 0.0,
            "qy": 0.0,
            "qz": 0.0,
            "qw": 1.0
        },
        "mocap_time_offset_ns": 0,
        "mocap_to_imu_offset_ns": 140763258159875,
        "cam_time_offset_ns": 0
    }
}
