{
    "value0": {
        "T_imu_cam": [
            {
                "px": 0.03200056031346321,
                "py": 0.001959106419235468,
                "pz": -0.00425946107134223,
                "qx": -0.006123256210022613,
                "qy": 0.999909724690672,
                "qz": 0.003213140957416199,
                "qw": 0.011520136775655155
            },
            {
                "px": -0.027802441486029734,
                "py": 0.0007710301190137648,
                "pz": -0.005573485567752438,
                "qx": -0.005035947811603935,
                "qy": 0.9999471690631644,
                "qz": 0.0042269958127089296,
                "qw": 0.007900660852134015
            }
        ],
        "intrinsics": [
            {
                "camera_type": "ds",
                "intrinsics": {
                    "alpha": 0.5681270078252497,
                    "cx": 320.9141289790503,
                    "cy": 236.63561401697447,
                    "fx": 163.43970256556233,
                    "fy": 163.60902730251473,
                    "xi": -0.2628562370160399
                }
            },
            {
                "camera_type": "ds",
                "intrinsics": {
                    "alpha": 0.5693257746898615,
                    "cx": 324.8432294487683,
                    "cy": 244.24338175422977,
                    "fx": 166.12157008085603,
                    "fy": 166.13632508192438,
                    "xi": -0.25800028581849027
                }
            }
        ],
        "resolution": [
            [
                640,
                480
            ],
            [
                640,
                480
            ]
        ],
        "vignette": [
            
        ],
        "calib_accel_bias": [
            0.0,
            0.0,
            0.0,
            0.0,
            0.0,
            0.0,
            0.0,
            0.0,
            0.0
        ],
        "calib_gyro_bias": [
            0.0,
            0.0,
            0.0,
            0.0,
            0.0,
            0.0,
            0.0,
            0.0,
            0.0,
            0.0,
            0.0,
            0.0
        ],
        "imu_update_rate": 200.0,
        "accel_noise_std": [0.08, 0.08, 0.08],
        "gyro_noise_std": [0.004, 0.004, 0.004],
        "accel_bias_std": [0.0011, 0.0011, 0.0011],
        "gyro_bias_std": [0.0004, 0.0004, 0.0004],
        "T_mocap_world": {
            "px": 0.0,
            "py": 0.0,
            "pz": 0.0,
            "qx": 0.0,
            "qy": 0.0,
            "qz": 0.0,
            "qw": 1.0
        },
        "T_imu_marker": {
            "px": 0.0,
            "py": 0.0,
            "pz": 0.0,
            "qx": 0.0,
            "qy": 0.0,
            "qz": 0.0,
            "qw": 1.0
        },
        "mocap_time_offset_ns": 0,
        "mocap_to_imu_offset_ns": 140763258159875,
        "cam_time_offset_ns": 0
    }
}
