{
    "value0": {
        "T_imu_cam": [
            {
                "px": -1.0162560183039057e-02,
                "py": -1.4670167521915003e-03,
                "pz": 3.2700939325780003e-04,
                "qx": -0.03477,
                "qy": -0.00912425,
                "qz": 0.00198538,
                "qw": 0.999352
            },
            {
                "px": 0.0348833,
                "py": -0.00125965,
                "pz": 0.00114242,
                "qx": -0.03477,
                "qy": -0.00912425,
                "qz": 0.00198538,
                "qw": 0.999352
            }
        ],
        "intrinsics": [
            {
                "camera_type": "pinhole",
                "intrinsics": {
                    "fx": 389.11763439609337,
                    "fy": 389.11763439609337,
                    "cx": 331.4480972290039,
                    "cy": 235.34656524658203
                }
            },
            {
                "camera_type": "pinhole",
                "intrinsics": {
                    "fx": 389.11763439609337,
                    "fy": 389.11763439609337,
                    "cx": 331.4480972290039,
                    "cy": 235.34656524658203
                }
            }
        ],
        "resolution": [
            [
                640,
                480
            ],
            [
                640,
                480
            ]
        ],
        "vignette": [
            
        ],
        "calib_accel_bias": [
            0.0,
            0.0,
            0.0,
            0.0,
            0.0,
            0.0,
            0.0,
            0.0,
            0.0
        ],
        "calib_gyro_bias": [
            0.0,
            0.0,
            0.0,
            0.0,
            0.0,
            0.0,
            0.0,
            0.0,
            0.0,
            0.0,
            0.0,
            0.0
        ],
        "imu_update_rate": 200.0,
        "accel_noise_std": [0.08, 0.08, 0.08],
        "gyro_noise_std": [0.004, 0.004, 0.004],
        "accel_bias_std": [0.0011, 0.0011, 0.0011],
        "gyro_bias_std": [0.0004, 0.0004, 0.0004],
        "T_mocap_world": {
            "px": 0.0,
            "py": 0.0,
            "pz": 0.0,
            "qx": 0.0,
            "qy": 0.0,
            "qz": 0.0,
            "qw": 1.0
        },
        "T_imu_marker": {
            "px": 0.0,
            "py": 0.0,
            "pz": 0.0,
            "qx": 0.0,
            "qy": 0.0,
            "qz": 0.0,
            "qw": 1.0
        },
        "mocap_time_offset_ns": 0,
        "mocap_to_imu_offset_ns": 140763258159875,
        "cam_time_offset_ns": 0
    }
}
